{
  "metadata": {
    "schemaVersion": "1.0",
    "importType": "LEX",
    "importFormat": "JSON"
  },
  "resource": {
    "name": "Greeting_msg",
    "version": "5",
    "fulfillmentActivity": {
      "codeHook": {
        "uri": "arn:aws:lambda:us-east-1:850558774679:function:Return_Greeting_msg",
        "messageVersion": "1.0"
      },
      "type": "CodeHook"
    },
    "sampleUtterances": [
      "Hi",
      "Hello",
      "Namaste",
      "Hey Hop",
      "Hi Hop",
      "Hey",
      "hello hop"
    ],
    "slots": [],
    "slotTypes": []
  }
}